Sample	Inferred_sex	Median_depth_sex_scaffolds	Nreads	NreadsNormalizing	minNormDepNormalizing	maxNormDepNormalizing
TderCam_0659.Cattle.idxstats.txt	heteromorphic	0.472299388773491	250844256	59271054	0.550883325731695	1.13087191116774
TderCam_0660.Cattle.idxstats.txt	heteromorphic	0.464459817744733	251797389	59822053	0.551914777987093	1.12166135166651
TderCam_0958.Cattle.idxstats.txt	heteromorphic	0.480260270356853	271944842	65740278	0.589951539201704	1.08533055130229
TderUga_0963.Cattle.idxstats.txt	homomorphic	0.916279858590345	364391970	93439550	0.962351886883615	1.1045949440014
TderCha_0964.Cattle.idxstats.txt	homomorphic	0.907363433593772	350688260	89835352	0.971458843041655	1.11328137081968
TderSSu_0965.Cattle.idxstats.txt	heteromorphic	0.471601009448599	337564704	81024006	0.570168030833774	1.10054280006089
TderSSu_0966.Cattle.idxstats.txt	heteromorphic	0.497953761995893	367211828	88513668	0.57340866145939	1.0871380865859
